y_min,a,b,k,y_int
5,0.05,2.0833333333333335,45,13.541666666666666
