y_min,a,b,k,y_int
5,0.07,0.06542056074766354,45,9.675567423230973
