S_M,K_M,R_M,I_max,DeltaT_max
0.023748276699963,0.256888095395086,1.3164382879716,6.6,71.435834687479
