Bound,Theta_0,Theta_1,Theta_2
Upper,42.571428571428235,74.9285714285718,-11.428571428571443
Lower,-28.60714285714305,65.85714285714305,47.142857142857125
