Bound,Theta_0,Theta_1,Theta_2
Upper,115.29971758404034,153.55764816857578,-64.66315713866578
Lower,-22.406604742650472,116.3316982084699,-11.491053653530798
