Bound,Theta_0,Theta_1,Theta_2
Upper,96.17875810650963,102.51778979621173,-45.7822499485072
Lower,3.6346534218912865,121.4763983174948,-36.46968508723003
