Bound,Theta_0,Theta_1,Theta_2
Upper,62.97662152784153,72.81633245983164,-10.960046297563963
Lower,-15.708189419357865,103.64633869390994,-17.3375838061702
