Bound,Theta_0,Theta_1,Theta_2
Upper,76.65116757680454,105.31128792652112,-18.786458076579834
Lower,-56.901983061102214,82.98825176825045,21.1930931620295
