Bound,Theta_0,Theta_1,Theta_2
Upper,68.17251591997018,105.17493714849911,-15.427192180048849
Lower,-66.55292006815637,79.11921007065177,30.832439174396796
