Bound,Theta_0,Theta_1,Theta_2
Upper,118.15482948949611,144.41213306622615,-62.55654919149987
Lower,-18.138425463180823,115.6338791859852,-16.901972784871646
