Bound,Theta_0,Theta_1,Theta_2
Upper,42.571428571428235,74.9285714285718,-11.428571428571443
Lower,-29.21428571428592,74.71428571428594,44.28571428571427
