Bound,Theta_0,Theta_1,Theta_2
Upper,63.79682707870535,85.61583499570446,-13.946963863209362
Lower,-116.6542313791885,2.439563595722234,82.27756354579634
