Bound,Theta_0,Theta_1,Theta_2
Upper,109.91338359434337,128.97604199598135,-61.52230346920561
Lower,-2.2717226781151396,138.92987758453785,-32.16993606192378
