Bound,Theta_0,Theta_1,Theta_2
Upper,43.75000000000005,64.9999999999999,-9.999999999999797
Lower,-28.750000000000007,10.000000000000304,289.9999999999994
