S_M,K_M,R_M,I_max,DeltaT_max
0.0276001457726513,0.249629760811583,1.36189335513406,6.6,70.8186789544548
